parent_phrase,parent_exact_count,total_group_admissions,n_unique_child_complaints,n_MHH1_psychotic,n_MHC0,pct_MHH1_psychotic,example_child_complaints,most_frequent_child_complaints,suggested_manual_label,include_for_workup_analysis,reviewer_notes
abdominal pain,371,710,203,349,361,49.15492957746479,1 increased abdominal pain 2 multiple episodes non-bloody/non-bilious emesis 3 hematemesis 4 leukocytosis | abdominal pain | abdominal pain / coffee ground emesis | abdominal pain / distension | abdominal pain a/w diarrhea acute renal failure | abdominal pain abnormal labs tachycardia | abdominal pain after colonoscopy | abdominal pain and bleeding per rectum x 3days | abdominal pain and bloating decrease appetite | abdominal pain and bloody stools | abdominal pain and bright red blood per rectum | abdominal pain and bright red blood per rectum in crohn s patient | abdominal pain and chest pain | abdominal pain and confusion | abdominal pain and diarrhea | abdominal pain and distension | abdominal pain and distention | abdominal pain and erythema | abdominal pain and fever | abdominal pain and hypotension,abdominal pain (371) | nausea vomiting abdominal pain (22) | abdominal pain nausea vomiting (17) | abdominal pain diarrhea (11) | abdominal pain nausea (10) | abdominal pain fever (9) | abdominal pain chest pain (6) | abdominal pain constipation (5) | chest pain abdominal pain (5) | abdominal pain nausea and vomiting (4) | nausea abdominal pain (4) | abdominal pain and nausea (4) | abdominal pain and distension (4) | fevers abdominal pain (4) | nausea vomiting diarrhea abdominal pain (4) | nausea vomiting and abdominal pain (3) | abdominal pain and diarrhea (3) | chest and abdominal pain (3) | fever abdominal pain (3) | abdominal pain dyspnea (3),,,
shortness of breath,364,587,128,290,297,49.40374787052811,abdominal pain and shortness of breath | abdominal pain shortness of breath | altered mental status cough shortness of breath | altered mental status shortness of breath | anemia shortness of breath | bilateral pain shortness of breath known dvt | chest pain and shortness of breath | chest pain cough weakness and shortness of breath | chest pain shortness of breath | chest pain shortness of breath hemoptysis | chest pain shortness of breath hypoxia | cough and shortness of breath | cough and shortness of breath for several days | cough shortness of breath | cough shortness of breath back pain fevers | cough shortness of breath chest pressure | cough shortness of breath fever | cough shortness of breath fevers | cough shortness of breath fevers hypoxia | cough shortness of breath hypoxia,shortness of breath (364) | shortness of breath chest pain (14) | chest pain shortness of breath (12) | shortness of breath hypoxia (9) | shortness of breath cough (7) | cough and shortness of breath (7) | shortness of breath and chest pain (5) | shortness of breath weight gain (5) | worsening shortness of breath (5) | cough shortness of breath (5) | fatigue and shortness of breath (5) | chest pain and shortness of breath (5) | shortness of breath and cough (4) | shortness of breath leg swelling (3) | shortness of breath anemia (3) | abdominal pain shortness of breath (3) | shortness of breath lower extremity edema (3) | weakness shortness of breath (3) | fever cough shortness of breath (3) | shortness of breath chest discomfort (2),,,
chest pain,287,516,150,248,268,48.06201550387597,abdominal pain and chest pain | abdominal pain chest pain | abdominal pain chest pain nausea+vomiting | acute on chronic chest pain | altered mental status with chest pain | anemia and chest pain | arthralgia and chest pain | atypical chest pain | atypical chest pain abdominal pain | back pain and chest pain | bilateral foot pain and chest pain | bronchitis chest pain | chest pain | chest pain / pain with swallowing | chest pain abdominal pain | chest pain acute on chronic r sided weakness | chest pain after cabg/mv repair | chest pain and abdominal pain | chest pain and back pain | chest pain and blood in stools,chest pain (287) | shortness of breath chest pain (14) | chest pain shortness of breath (12) | chest pain dyspnea (8) | abdominal pain chest pain (6) | shortness of breath and chest pain (5) | atypical chest pain (5) | chest pain abdominal pain (5) | chest pain and shortness of breath (5) | chest pain cough (4) | cough chest pain (3) | chest pain and dyspnea (3) | dyspnea chest pain (3) | dyspnea and chest pain (3) | left chest pain (2) | chest pain headache (2) | fall chest pain (2) | pleuritic chest pain (2) | chest pain and back pain (2) | chest pain nausea (2),,,
altered mental status,283,443,112,228,215,51.46726862302483,- altered mental status hypoxia fever | admission post rfa c/b altered mental status | altered mental status | altered mental status - confusion | altered mental status / fall / hyperkalemia | altered mental status / hypoxia | altered mental status / urinary tract infection | altered mental status acute kidney injury | altered mental status acute kidney injury hyperkalemia | altered mental status and anemia | altered mental status and cough | altered mental status and dyspnea | altered mental status and fever | altered mental status and hypotension | altered mental status and respiratory distress | altered mental status and weakness | altered mental status bilateral lower extremity pain | altered mental status changes | altered mental status concern for seizure | altered mental status confusion,altered mental status (283) | fever altered mental status (13) | altered mental status fever (7) | hypoxia altered mental status (5) | fevers altered mental status (4) | altered mental status and fever (4) | altered mental status weakness (4) | altered mental status urinary tract infection (3) | altered mental status fevers (3) | dyspnea altered mental status (3) | cough and altered mental status (2) | altered mental status seizure (2) | altered mental status fall (2) | altered mental status found down (2) | altered mental status dyspnea (2) | hmed admission note cc altered mental status (2) | altered mental status respiratory distress (2) | altered mental status lethargy (2) | fever and altered mental status (2) | altered mental status hypoglycemia (2),,,
fever,81,342,176,160,182,46.783625730994146,- altered mental status hypoxia fever | abdominal pain and fever | abdominal pain fever | abdominal pain fever chills | abdominal pain hypotension fever | abdominal pain nausea vomiting diarrhea fever | abdominal pain with fever | abdonimal pain fever and diarrhea | admit with low grade fever nausea vomiting diarrhea | altered mental status and fever | altered mental status fever | altered mental status fever abdominal pain | altered mental status fever and fatigue | altered mental status low grade fever poor glucose control | anemia fever dyspnea | back pain and fever | back pain fever | back pain fever and fall | chest pain cough fever | chills fever dysuria,fever (81) | fever altered mental status (13) | fever cough (10) | abdominal pain fever (9) | altered mental status fever (7) | cough fever (6) | fever weakness (6) | altered mental status and fever (4) | fever nausea vomiting (4) | fever and hypotension (3) | fever abdominal pain (3) | dyspnea fever (3) | abdominal pain and fever (3) | fever vomiting (3) | fever cough shortness of breath (3) | fever tachycardia (3) | diarrhea fever (3) | fever tachypnea (2) | fever positive blood cultures (2) | shortness of breath fever (2),,,
fall,190,331,114,176,155,53.17220543806647,acute kidney injury mechanical fall | altered mental status / fall / hyperkalemia | altered mental status fall | altered mental status fall urinary incontinence | altered mental status status post fall | ataxia fall | back pain fall | back pain fever and fall | confusion and fall | confusion fall | cough altered mental status fall | cough fever fall | diarrhea fall | dizziness fall | eye pain fall | failure to thrive fall | failure to thrive weakness fall with rib fracture | fall | fall 2 days ago now w/ right chest pain t8-10 rib fracture | fall abdominal pain venous stasis ulcers,fall (190) | unwitnessed fall (5) | confusion fall (4) | mechanical fall (4) | fall vomiting (3) | dizziness fall (3) | fall confusion (3) | trauma fall (2) | weakness fall (2) | diarrhea fall (2) | fall chest pain (2) | fall at home (2) | pre-syncope and fall (2) | altered mental status fall (2) | fall shortness of breath (2) | syncopal fall (2) | fall vs seizure (2) | fall with head strike (2) | ataxia fall (2) | fall encephalopathy (1),,,
lower extremity,0,155,113,73,82,47.096774193548384,abdominal pain left lower extremity dvt | acute bilateral upper and lower extremity pain | acute on chronic lower extremity edema | altered mental status bilateral lower extremity pain | b/l lower extremity radiculopathy | back and lower extremity pain | back and lower extremity pain and difficulty walking | bilateral gangrenous wounds of lower extremity | bilateral lower extremity claudication | bilateral lower extremity edema with diabetic foot ulcers | bilateral lower extremity ischemia with ulceration | bilateral lower extremity pain | bilateral lower extremity swelling | cellulitis and worsening lower extremity edema | chest pain dyspnea lower extremity edema | difficulty ambulating / lower extremity weakness | difficulty ambulating with bilateral lower extremity edema | dyspnea and lower extremity edema | dyspnea lower extremity edema | dyspnea lower extremity edema weight gain,lower extremity swelling (13) | left lower extremity cellulitis (5) | right lower extremity pain (5) | lower extremity edema (4) | bilateral lower extremity swelling (3) | left lower extremity pain (3) | left lower extremity redness (3) | shortness of breath lower extremity edema (3) | bilateral lower extremity pain (3) | left lower extremity swelling (3) | bilateral lower extremity claudication (2) | left lower extremity ischemia with ulceration (2) | left lower extremity ulcer (2) | left lower extremity edema (2) | dyspnea lower extremity edema (2) | dyspnea on exertion lower extremity edema (2) | shortness of breath and lower extremity edema (2) | re-admission for worsening of right lower extremity degloving wound (1) | left lower extremity edema and pain (1) | dyspnea weight gain lower extremity edema orthopnea (1),,,
nausea vomiting,19,146,70,65,81,44.52054794520548,- nausea vomiting diarrhea myalgias | abdominal distention nausea vomiting | abdominal pain and nausea vomiting | abdominal pain nausea vomiting | abdominal pain nausea vomiting and diarrhea | abdominal pain nausea vomiting and diarrhea x1d | abdominal pain nausea vomiting diarrhea | abdominal pain nausea vomiting diarrhea fever | abdominal pain nausea vomiting malaise x3 days | abdominal pain nausea vomiting poor po intake x1 week | abdominal pain nausea vomiting x 3 days | admit with low grade fever nausea vomiting diarrhea | admitted with nausea vomiting diarrhea | altered mental status nausea vomiting | chest pain nausea vomiting diarrhea | chronic nausea vomiting poor po tolerance | dizziness influenza-like illness nausea vomiting | dysphagia nausea vomiting failure to thrive | earache headache neck stiffness nausea vomiting chest pain photophobia | elevated creatinine nausea vomiting,nausea vomiting abdominal pain (22) | nausea vomiting (19) | abdominal pain nausea vomiting (17) | nausea vomiting diarrhea (8) | fever nausea vomiting (4) | nausea vomiting diarrhea abdominal pain (4) | nausea vomiting and abdominal pain (3) | abdominal pain nausea vomiting diarrhea (3) | nausea vomiting malaise (2) | nausea vomiting fever (2) | nausea vomiting flank pain (2) | fever nausea vomiting diarrhea (2) | nausea vomiting concern for norovirus (1) | nausea vomiting abdominal/back pain (1) | elevated lfts nausea vomiting (1) | abdominal pain nausea vomiting and diarrhea x1d (1) | nausea vomiting inability to tolerate po (1) | nausea vomiting hematemesis vs hemoptysis (1) | nausea vomiting abdominal pain hematemesis (1) | - nausea vomiting diarrhea myalgias (1),,,
seizure,70,124,40,63,61,50.806451612903224,altered mental status concern for seizure | altered mental status seizure | breakthrough seizure | called by emergency department to evaluate increased seizure activity | concern for seizure | confusion concerning for seizure | confusion seizure | dizziness and orthostatic hypotension versus seizure | dysarthria x4 days right frontal hemorrhage seizure | episode concerning for seizure | event concerning for first time seizure | fall vs seizure | fall with head strike seizure | fever altered mental status possible seizure | fever and confusion possible seizure | first time seizure | generalized tonic-clonic seizure | generalized tonic-clonic seizure altered mental staatus | hemoptysis seizure | hypoglycemic induced seizure,seizure (70) | increased seizure frequency (6) | breakthrough seizure (5) | concern for seizure (4) | altered mental status seizure (2) | i had a seizure (2) | fall vs seizure (2) | event concerning for first time seizure (1) | seizure chest pain (1) | seizure characterization and localization (1) | fever altered mental status possible seizure (1) | increased seizure frequency and duration (1) | called by emergency department to evaluate increased seizure activity (1) | seizure like events (1) | seizure like activity (1) | fall with head strike seizure (1) | seizure cluster (1) | witnessed seizure / syncopal event (1) | dysarthria x4 days right frontal hemorrhage seizure (1) | seizure jaw fracture (1),,,
syncope,80,119,39,58,61,48.739495798319325,arrest vs syncope | aspiration event syncope | back pain and syncope | chest pain dyspnea syncope | chest pain near syncope | chest pain syncope | chest pain weakness syncope | diarrhea and syncope | diarrhea syncope | dr cc syncope | dyspnea chest pain syncope | dyspnea syncope | fall from toilet fell asleep vs syncope | hypokalemia/ syncope | malnutrition and syncope | near - syncope | recurrent syncope | syncope | syncope and chest pain | syncope and hypertensive urgency,syncope (80) | chest pain dyspnea syncope (2) | hypokalemia/ syncope (1) | chest pain syncope (1) | syncope unresponsive (1) | diarrhea and syncope (1) | syncope due to complete heart block (1) | syncope w/ headstrike (1) | dr cc syncope (1) | recurrent syncope (1) | syncope bright red blood per rectum (1) | weight gain syncope (1) | dyspnea syncope (1) | syncope i seem to have fainted (1) | near - syncope (1) | syncope and chest pain (1) | aspiration event syncope (1) | chest pain weakness syncope (1) | dyspnea chest pain syncope (1) | unexplained arrest vs syncope and hypoxemia (1),,,
leg pain,8,75,43,39,36,52.0,abdominal pain and left leg pain | abdominal pain left leg pain | back and leg pain | back buttock and bilateral leg pain | back pain and leg pain | back pain leg pain | bilateral leg pain | bilateral leg pain falls weakness | chest pain and leg pain | chest pain left leg pain | fall from standing left leg pain | fall left leg pain | fever and leg pain | fever left leg pain x 10 days | headache chest pain abdominal pain back pain arm pain leg pain | hypoglycemia leg pain | l arm and l leg pain | l arm and r leg pain | l leg pain and swelling | left leg pain,left leg pain (14) | leg pain (8) | back and leg pain (5) | bilateral leg pain (4) | r leg pain (3) | leg pain and swelling (3) | fever and leg pain (2) | chest pain left leg pain (1) | shortness of breath right leg pain (1) | headache chest pain abdominal pain back pain arm pain leg pain (1) | right leg pain and warmth (1) | l leg pain and swelling (1) | shortness of breath leg pain (1) | abdominal pain left leg pain (1) | abdominal pain and left leg pain (1) | fever left leg pain x 10 days (1) | shortness of breath / leg pain and swelling (1) | leg abscesses and leg pain (1) | left leg pain fall (1) | leg pain redness (1),,,
fracture,0,75,55,41,34,54.666666666666664,bilateral mandibular fracture | c2 fracture with cord compression | failure to thrive weakness fall with rib fracture | fall 2 days ago now w/ right chest pain t8-10 rib fracture | fall hip fracture | fall l rib fracture | fall right hip fracture | fall/hip fracture altered mental status | fall/humerus fracture | femur fracture | femur fracture fall | hip fracture | hip fracture fall | l intertrochanteric hip fracture | l radial fracture hypertensive emergency | left acetabular fracture | left acetabular fracture urinary tract infection | left distal tibia and fibula fracture | left femoral neck fracture | left hip fracture,right hip fracture (5) | hip fracture (4) | right femur fracture (3) | left hip fracture (3) | right femoral neck fracture (3) | r tibia fracture (2) | femur fracture (2) | right foot ulceration right calcaneus fracture osteomyelitis (2) | left acetabular fracture (2) | right distal femur fracture (2) | t12 fracture (2) | left intertrochanteric hip fracture (2) | bilateral mandibular fracture (1) | left lower extremity pain -- left multipart intertrochanteric hip fracture (1) | l intertrochanteric hip fracture (1) | mechanical fall left hip fracture (1) | fall right hip fracture (1) | femur fracture fall (1) | r hip fracture fall (1) | left tibial shaft fracture distal fibular fracture (1),,,
hip pain,2,63,17,35,28,55.55555555555556,- left wrist erythema/edema right hip pain | bilateral hip pain and stiffness | dr cc left hip pain | hip pain | hip pain after mechanical fall | l hip pain | left hip pain | left hip pain overlying prominent screw | r hip pain | r hip pain r back pain | right arm pain right hip pain weakness and fever | right hip pain | right hip pain right greater trochanter fracture status post right total hip replacement | right hip pain secondary to right hip osteoarthritis | shortness of breath hip pain fall headache | unwitnessed fall hip pain | unwitnesses fall left hip pain,left hip pain (24) | right hip pain (12) | l hip pain (8) | r hip pain (5) | hip pain (2) | dr cc left hip pain (1) | shortness of breath hip pain fall headache (1) | right arm pain right hip pain weakness and fever (1) | r hip pain r back pain (1) | right hip pain secondary to right hip osteoarthritis (1) | unwitnessed fall hip pain (1) | right hip pain right greater trochanter fracture status post right total hip replacement (1) | bilateral hip pain and stiffness (1) | left hip pain overlying prominent screw (1) | hip pain after mechanical fall (1) | - left wrist erythema/edema right hip pain (1) | unwitnesses fall left hip pain (1),,,
leg swelling,21,61,28,31,30,50.81967213114754,abdominal distention leg swelling | bilateral leg swelling | bilateral leg swelling weakness dehydration | dyspnea and bilateral leg swelling | dyspnea leg swelling | dyspnea lower leg swelling | dyspnea on exertion leg swelling | left groin pain left leg swelling | left leg swelling and pain | left leg swelling redness and pain | leg swelling | leg swelling abdominal distention oral pain | leg swelling and pain | leg swelling cough | leg swelling fatigue | leg swelling mild confusion | leg swelling pain chills | leg swelling pain shortness of breath | leg swelling shortness of breath | leg swelling suprapubic abdominal pain,leg swelling (21) | right leg swelling (5) | shortness of breath leg swelling (3) | dyspnea on exertion leg swelling (3) | right leg swelling and pain (3) | leg swelling shortness of breath (2) | left leg swelling and pain (2) | dyspnea leg swelling (2) | dyspnea and bilateral leg swelling (1) | leg swelling and pain (1) | leg swelling pain chills (1) | leg swelling mild confusion (1) | left groin pain left leg swelling (1) | right leg swelling and infection (1) | bilateral leg swelling (1) | dyspnea lower leg swelling (1) | lower extremity leg swelling (1) | leg swelling abdominal distention oral pain (1) | leg swelling suprapubic abdominal pain (1) | bilateral leg swelling weakness dehydration (1),,,
pain nausea,1,54,23,26,28,48.148148148148145,abdominal pain nausea | abdominal pain nausea and constipation | abdominal pain nausea and vomiting | abdominal pain nausea transaminitis | abdominal pain nausea vomiting | abdominal pain nausea vomiting and diarrhea | abdominal pain nausea vomiting and diarrhea x1d | abdominal pain nausea vomiting diarrhea | abdominal pain nausea vomiting diarrhea fever | abdominal pain nausea vomiting malaise x3 days | abdominal pain nausea vomiting poor po intake x1 week | abdominal pain nausea vomiting x 3 days | chest pain nausea | chest pain nausea abdominal pain | chest pain nausea vomiting diarrhea | cough chest pain nausea | epigastric abdominal pain nausea vomiting diarrhea | epigastric pain nausea | epigastric pain nausea vomiting | epigastric/flank pain nausea and vomitting,abdominal pain nausea vomiting (17) | abdominal pain nausea (10) | abdominal pain nausea and vomiting (4) | abdominal pain nausea vomiting diarrhea (3) | chest pain nausea (2) | abdominal pain nausea transaminitis (1) | abdominal pain nausea vomiting and diarrhea x1d (1) | fevers abdominal pain nausea vomiting (1) | epigastric abdominal pain nausea vomiting diarrhea (1) | epigastric/flank pain nausea and vomitting (1) | chest pain nausea abdominal pain (1) | intermittent chest pain nausea headache palpitations (1) | abdominal pain nausea vomiting x 3 days (1) | epigastric pain nausea (1) | abdominal pain nausea vomiting diarrhea fever (1) | abdominal pain nausea vomiting malaise x3 days (1) | abdominal pain nausea vomiting and diarrhea (1) | epigastric pain nausea vomiting (1) | pain nausea (1) | cough chest pain nausea (1),,,
bright red blood per rectum,34,53,16,25,28,47.16981132075472,abdominal pain and bright red blood per rectum | abdominal pain and bright red blood per rectum in crohn s patient | abdominal pain bright red blood per rectum | bright red blood per rectum | bright red blood per rectum abdominal pain | bright red blood per rectum and abdominal pain | bright red blood per rectum and abdominal pain post-colonoscopy | bright red blood per rectum and hemoptysis | bright red blood per rectum anorexia | bright red blood per rectum hematuria | coffee-ground emesis bright red blood per rectum | gastrointestinal bleed bright red blood per rectum | hematemesis/ bright red blood per rectum x1 day | hypotension bright red blood per rectum | melena bright red blood per rectum | syncope bright red blood per rectum,bright red blood per rectum (34) | melena bright red blood per rectum (3) | abdominal pain bright red blood per rectum (2) | gastrointestinal bleed bright red blood per rectum (2) | hypotension bright red blood per rectum (1) | abdominal pain and bright red blood per rectum in crohn s patient (1) | syncope bright red blood per rectum (1) | hematemesis/ bright red blood per rectum x1 day (1) | bright red blood per rectum and abdominal pain (1) | bright red blood per rectum abdominal pain (1) | bright red blood per rectum anorexia (1) | bright red blood per rectum and abdominal pain post-colonoscopy (1) | bright red blood per rectum hematuria (1) | bright red blood per rectum and hemoptysis (1) | abdominal pain and bright red blood per rectum (1) | coffee-ground emesis bright red blood per rectum (1),,,
urinary tract infection,22,53,30,26,27,49.056603773584904,abdominal pain bacterial urinary tract infection | acute renal failure urinary tract infection ileus | agitation urinary tract infection | altered mental status / urinary tract infection | altered mental status urinary tract infection | altered mental status urinary tract infection vp shunt assessment | bacterial urinary tract infection lightheaded | dysuria fevers ureteral stone urinary tract infection | fever diarrhea urinary tract infection | fever urinary tract infection | hypotension urinary tract infection | left acetabular fracture urinary tract infection | lightheadedness urinary tract infection | nausea fatigue poor apetite mdr e coli urinary tract infection | picc displacement urinary retention urinary tract infection | pneumonia urinary tract infection igg deficiency | right buttocks pain urinary retention urinary tract infection | septicemia urinary tract infection c diff colitis | staghorn calculus recurring urinary tract infection | syncope flank pain urinary tract infection,urinary tract infection (22) | altered mental status urinary tract infection (3) | fever urinary tract infection (1) | urinary tract infection fever (1) | lightheadedness urinary tract infection (1) | staghorn calculus recurring urinary tract infection (1) | agitation urinary tract infection (1) | transfer from osh with urinary tract infection (1) | urinary tract infection and incision fluid collection (1) | pneumonia urinary tract infection igg deficiency (1) | left acetabular fracture urinary tract infection (1) | altered mental status / urinary tract infection (1) | septicemia urinary tract infection c diff colitis (1) | altered mental status urinary tract infection vp shunt assessment (1) | nausea fatigue poor apetite mdr e coli urinary tract infection (1) | weakness urinary tract infection (1) | picc displacement urinary retention urinary tract infection (1) | acute renal failure urinary tract infection ileus (1) | fever diarrhea urinary tract infection (1) | urinary tract infection and altered mental status (1),,,
flank pain,12,52,26,22,30,42.30769230769231,abdominal pain right flank pain | dropping hematocrit flank pain fever renal mass | dyspnea flank pain rib pain | fall left hip and left flank pain | fever nausea vomiting left sided flank pain dysuria | fevers dysuria flank pain | flank pain | flank pain and vertigo | flank pain chills | flank pain dysuria | flank pain fever | flank pain fevers nausea vomiting | flank pain hyponatremia | flank pain nephrolithiasis | flank pain right nephrolithiasis | foul smelling urine flank pain | l chest pain and b/l flank pain | l flank pain | left flank pain | nausea vomiting flank pain,flank pain (12) | right flank pain (8) | r flank pain (5) | left flank pain (4) | nausea vomiting flank pain (2) | dyspnea flank pain rib pain (1) | fevers dysuria flank pain (1) | flank pain and vertigo (1) | flank pain right nephrolithiasis (1) | l flank pain (1) | right flank pain recent falls (1) | l chest pain and b/l flank pain (1) | nausea vomiting right upper quadrant/r flank pain tachycardia (1) | dropping hematocrit flank pain fever renal mass (1) | flank pain fevers nausea vomiting (1) | flank pain chills (1) | abdominal pain right flank pain (1) | foul smelling urine flank pain (1) | fever nausea vomiting left sided flank pain dysuria (1) | flank pain dysuria (1),,,
left lower,0,51,37,24,27,47.05882352941176,abdominal pain left lower extremity dvt | chest pain left lower quadrant abdominal pain | chronic left lower lobe effusion | fall left lower extremity pain | fevers with redness and swelling in left lower extremity | hemoptysis left lower lobe opacity concerning for pneumonia | left lower abdominal pain pressure and bloating | left lower extremity cellulitis | left lower extremity edema | left lower extremity edema and pain | left lower extremity edema pain | left lower extremity hallux ulcer/cellulitis | left lower extremity ischemia with claudication | left lower extremity ischemia with ulceration | left lower extremity non-healing ulcers cellulitis | left lower extremity pain | left lower extremity pain -- left multipart intertrochanteric hip fracture | left lower extremity pain and redness | left lower extremity peripheral vascular disease | left lower extremity redness,left lower extremity cellulitis (5) | left lower extremity pain (3) | left lower extremity redness (3) | left lower extremity swelling (3) | left lower extremity ischemia with ulceration (2) | left lower extremity ulcer (2) | left lower extremity edema (2) | left lower quadrant pain (2) | left lower extremity edema and pain (1) | yo male with self inflicted shallow stab wound to left lower abdomen from box cutter (1) | left lower extremity pain -- left multipart intertrochanteric hip fracture (1) | left lower extremity non-healing ulcers cellulitis (1) | left lower extremity peripheral vascular disease (1) | chest pain left lower quadrant abdominal pain (1) | fall left lower extremity pain (1) | left lower leg redness and edema (1) | non-healing left lower extremity ulcers (1) | redness swelling and pain in left lower extremity (1) | left lower extremity pain and redness (1) | hemoptysis left lower lobe opacity concerning for pneumonia (1),,,
dyspnea on exertion,23,48,22,22,26,45.83333333333333,anasarca nephrotic syndrome and membranous nephropathy dyspnea on exertion prostate cancer | ascites dyspnea on exertion | chest discomfort dyspnea on exertion | chest numbness dyspnea on exertion | chest pain dyspnea on exertion | chest pressure dyspnea on exertion | cough and dyspnea on exertion | dyspnea on exertion | dyspnea on exertion abdominal pain | dyspnea on exertion altered mental status | dyspnea on exertion chest pain | dyspnea on exertion dizziness chest pain | dyspnea on exertion edema | dyspnea on exertion leg swelling | dyspnea on exertion lower extremity edema | dyspnea on exertion palpitations | edema dyspnea on exertion | malaise dyspnea on exertion edema | scrotal swelling dyspnea on exertion | upper back pain dyspnea on exertion,dyspnea on exertion (23) | dyspnea on exertion leg swelling (3) | dyspnea on exertion chest pain (2) | dyspnea on exertion lower extremity edema (2) | chest numbness dyspnea on exertion (1) | scrotal swelling dyspnea on exertion (1) | dyspnea on exertion abdominal pain (1) | dyspnea on exertion altered mental status (1) | cough and dyspnea on exertion (1) | edema dyspnea on exertion (1) | dyspnea on exertion edema (1) | weakness dyspnea on exertion (1) | weight gain lower extremity edema dyspnea on exertion (1) | chest pressure dyspnea on exertion (1) | chest discomfort dyspnea on exertion (1) | anasarca nephrotic syndrome and membranous nephropathy dyspnea on exertion prostate cancer (1) | dyspnea on exertion dizziness chest pain (1) | dyspnea on exertion palpitations (1) | chest pain dyspnea on exertion (1) | ascites dyspnea on exertion (1),,,
right upper,0,47,26,21,26,44.680851063829785,bleeding/ulceration from right upper extremity avg | chest pain right upper quadrant pain | clotted right upper extremity av graft | cough right chest pain right upper quadrant abdominal pain | cough right upper quadrant pain | esrd right upper extremity brachio-brachial fistula | fever right upper extremity swelling pain redness | nausea vomiting right upper quadrant/r flank pain tachycardia | right upper extremity av graft thrombosis | right upper extremity fistula ulcer | right upper extremity numbness | right upper extremity radiculopathy | right upper extremity swelling | right upper extremity swelling pain | right upper extremity thrombosed fistula | right upper extremity weakness dyspnea | right upper lobe 3cm mass | right upper quadrant abdominal pain | right upper quadrant abdominal pain rigors nausea diarrhea | right upper quadrant pain,right upper quadrant pain (17) | right upper extremity numbness (3) | right upper quadrant abdominal pain (3) | right upper extremity swelling (2) | thrombosed right upper extremity avg (1) | right upper quadrant pain post-ercp (1) | right upper extremity fistula ulcer (1) | right upper quadrant pain hematemesis (1) | thrombosed right upper extremity av graft (1) | right upper extremity av graft thrombosis (1) | right upper extremity weakness dyspnea (1) | right upper extremity swelling pain (1) | cough right chest pain right upper quadrant abdominal pain (1) | right upper quadrant abdominal pain rigors nausea diarrhea (1) | nausea vomiting right upper quadrant/r flank pain tachycardia (1) | fever right upper extremity swelling pain redness (1) | clotted right upper extremity av graft (1) | year old male admitted with 2 day history of constant colicky severe right flank and right upper quadrant pain 2 hours post prandial (1) | right upper extremity radiculopathy (1) | right upper quadrant pain elevated lft s (1),,,
left leg,0,46,30,19,27,41.30434782608695,1 large left retroperitoneal fluid collection 2 infected left leg external-fixator pin sites 3 left leg dvt | abdominal pain and left leg pain | abdominal pain left leg pain | chest pain left leg pain | fall from standing left leg pain | fall left leg pain | fever left leg pain x 10 days | hypoxia confusion left leg wound | left groin pain left leg swelling | left leg and arm numbness | left leg and arm weakness | left leg cellulitis | left leg erythema pain | left leg nonhealing ulcer | left leg pain | left leg pain after fall | left leg pain and back pain | left leg pain fall | left leg pain rash | left leg radidular pain,left leg pain (14) | left leg cellulitis (3) | left leg swelling and pain (2) | chest pain left leg pain (1) | abdominal pain left leg pain (1) | abdominal pain and left leg pain (1) | fever left leg pain x 10 days (1) | left leg nonhealing ulcer (1) | 1 large left retroperitoneal fluid collection 2 infected left leg external-fixator pin sites 3 left leg dvt (1) | left leg pain fall (1) | sommulence body aches and painful left leg (1) | persistent left leg pain (1) | left groin pain left leg swelling (1) | fall from standing left leg pain (1) | left leg pain and back pain (1) | left leg erythema pain (1) | pain and swelling in left leg (1) | left leg pain rash (1) | hypoxia confusion left leg wound (1) | low back pain and left leg pain (1),,,
respiratory distress,29,45,13,27,18,60.0,acute on chronic respiratory distress | acute respiratory distress | altered mental status and respiratory distress | altered mental status respiratory distress | hypotension respiratory distress | hypoxemic respiratory distress | hypoxic respiratory distress | respiratory distress | respiratory distress and somnolence | respiratory distress dyspnea hypoxia | respiratory distress fevers | respiratory distress hypoxia | respiratory distress in setting of hypertensive emergency,respiratory distress (29) | acute respiratory distress (4) | altered mental status respiratory distress (2) | respiratory distress and somnolence (1) | respiratory distress in setting of hypertensive emergency (1) | altered mental status and respiratory distress (1) | hypoxic respiratory distress (1) | hypotension respiratory distress (1) | respiratory distress dyspnea hypoxia (1) | respiratory distress fevers (1) | respiratory distress hypoxia (1) | acute on chronic respiratory distress (1) | hypoxemic respiratory distress (1),,,
failure to thrive,21,45,25,23,22,51.11111111111111,aockd failure to thrive | cough failure to thrive left upper quadrant abdominal pain | dehydration failure to thrive and mild hypotension | diarrhea failure to thrive | dysphagia nausea vomiting failure to thrive | failure to thrive | failure to thrive and self-care deficiency | failure to thrive anorexia | failure to thrive difficulty with ambulation and concern for unsafe living environment | failure to thrive displaced dobhoff | failure to thrive dysphagia | failure to thrive facility issue | failure to thrive fall | failure to thrive inability to eat dysphagia vomit | failure to thrive persistent tachycardia | failure to thrive poor oral intake back pain | failure to thrive requesting po intake | failure to thrive weakness fall with rib fracture | fall dysphagia failure to thrive | fall leukocytosis failure to thrive,failure to thrive (21) | vomiting failure to thrive (1) | failure to thrive persistent tachycardia (1) | failure to thrive weakness fall with rib fracture (1) | failure to thrive displaced dobhoff (1) | failure to thrive facility issue (1) | failure to thrive difficulty with ambulation and concern for unsafe living environment (1) | cough failure to thrive left upper quadrant abdominal pain (1) | poor oral intake failure to thrive (1) | failure to thrive fall (1) | aockd failure to thrive (1) | hypoxia failure to thrive (1) | failure to thrive requesting po intake (1) | failure to thrive inability to eat dysphagia vomit (1) | fall dysphagia failure to thrive (1) | failure to thrive and self-care deficiency (1) | fall leukocytosis failure to thrive (1) | dehydration failure to thrive and mild hypotension (1) | obstructive jaundice wound dehiscence failure to thrive (1) | failure to thrive poor oral intake back pain (1),,,
foot pain,15,45,10,22,23,48.888888888888886,bilateral foot pain | bilateral foot pain and chest pain | falls weakness and foot pain | foot pain | l foot pain | left foot pain | r foot pain | right foot pain | right foot pain and swelling | right foot pain drainage from tma site,foot pain (15) | right foot pain (11) | left foot pain (8) | r foot pain (4) | l foot pain (2) | bilateral foot pain (1) | falls weakness and foot pain (1) | right foot pain drainage from tma site (1) | bilateral foot pain and chest pain (1) | right foot pain and swelling (1),,,
abdominal pain nausea,10,44,14,21,23,47.72727272727273,abdominal pain nausea | abdominal pain nausea and constipation | abdominal pain nausea and vomiting | abdominal pain nausea transaminitis | abdominal pain nausea vomiting | abdominal pain nausea vomiting and diarrhea | abdominal pain nausea vomiting and diarrhea x1d | abdominal pain nausea vomiting diarrhea | abdominal pain nausea vomiting diarrhea fever | abdominal pain nausea vomiting malaise x3 days | abdominal pain nausea vomiting poor po intake x1 week | abdominal pain nausea vomiting x 3 days | epigastric abdominal pain nausea vomiting diarrhea | fevers abdominal pain nausea vomiting,abdominal pain nausea vomiting (17) | abdominal pain nausea (10) | abdominal pain nausea and vomiting (4) | abdominal pain nausea vomiting diarrhea (3) | abdominal pain nausea transaminitis (1) | abdominal pain nausea vomiting and diarrhea x1d (1) | fevers abdominal pain nausea vomiting (1) | epigastric abdominal pain nausea vomiting diarrhea (1) | abdominal pain nausea vomiting x 3 days (1) | abdominal pain nausea vomiting diarrhea fever (1) | abdominal pain nausea vomiting malaise x3 days (1) | abdominal pain nausea vomiting and diarrhea (1) | abdominal pain nausea vomiting poor po intake x1 week (1) | abdominal pain nausea and constipation (1),,,
right lower,0,43,37,16,27,37.2093023255814,abdominal pain and swelling over right lower quadrant renal allograft | juxtarenal abdominal aneurysm complicated by right lower extremity ischemia due to dissection of the right external iliac artery | nausea vomiting diarrhea dyspnea right lower extremity dvt | non-healing right lower extremity wound | nonhealing right lower extremity ulcers | re-admission for worsening of right lower extremity degloving wound | right dvt of superficial femoral vein right lower extremity cellulitis | right lower abdominal incision with cloudy foul smelling drainage | right lower extermity pain | right lower extremity arterial ulcer | right lower extremity atherosclerosis with nonhealing heel ulcer | right lower extremity cellulitis/phlebitis | right lower extremity dvt | right lower extremity heel ulceration | right lower extremity infected graft site | right lower extremity ischemia with toe gangrene | right lower extremity laceration | right lower extremity pain | right lower extremity pain erythema and swelling | right lower extremity pain swelling erythema with fevers,right lower extremity pain (5) | right lower quadrant abdominal pain (2) | right lower quadrant pain (2) | re-admission for worsening of right lower extremity degloving wound (1) | right lower leg numbness chest pain and visual disturbances (1) | right lower extermity pain (1) | right lower extremity weakness/numbness inability to ambulate (1) | non-healing right lower extremity wound (1) | urinary retention right lower quadrant pain (1) | right lower quadrant pain and decreased appetite since her surgery last month (1) | nausea vomiting diarrhea dyspnea right lower extremity dvt (1) | right lower extremity atherosclerosis with nonhealing heel ulcer (1) | right lower extremity infected graft site (1) | shingles right lower extremity cellulitis (1) | right lower extremity transient numbness (1) | right lower extremity laceration (1) | right lower extremity pain swelling erythema with fevers (1) | abdominal pain and swelling over right lower quadrant renal allograft (1) | right lower extremity radiculopathy weakness numbness (1) | right lower extremity ulcer/cellulitis (1),,,
left lower extremity,0,41,28,19,22,46.34146341463415,abdominal pain left lower extremity dvt | fall left lower extremity pain | fevers with redness and swelling in left lower extremity | left lower extremity cellulitis | left lower extremity edema | left lower extremity edema and pain | left lower extremity edema pain | left lower extremity hallux ulcer/cellulitis | left lower extremity ischemia with claudication | left lower extremity ischemia with ulceration | left lower extremity non-healing ulcers cellulitis | left lower extremity pain | left lower extremity pain -- left multipart intertrochanteric hip fracture | left lower extremity pain and redness | left lower extremity peripheral vascular disease | left lower extremity redness | left lower extremity redness and pain | left lower extremity swelling | left lower extremity swelling chest pain | left lower extremity ulcer,left lower extremity cellulitis (5) | left lower extremity pain (3) | left lower extremity redness (3) | left lower extremity swelling (3) | left lower extremity ischemia with ulceration (2) | left lower extremity ulcer (2) | left lower extremity edema (2) | left lower extremity edema and pain (1) | left lower extremity pain -- left multipart intertrochanteric hip fracture (1) | left lower extremity non-healing ulcers cellulitis (1) | left lower extremity peripheral vascular disease (1) | fall left lower extremity pain (1) | non-healing left lower extremity ulcers (1) | redness swelling and pain in left lower extremity (1) | left lower extremity pain and redness (1) | left lower extremity wound with drainage (1) | left lower extremity edema pain (1) | left lower extremity ischemia with claudication (1) | left lower extremity swelling chest pain (1) | abdominal pain left lower extremity dvt (1),,,
left hip,0,38,12,19,19,50.0,dr cc left hip pain | fall left hip and left flank pain | left hip dislocation | left hip fracture | left hip fracture after mechanical fall | left hip fracture transfer from osh | left hip osteoarthritis | left hip osteoarthritis/pain | left hip pain | left hip pain overlying prominent screw | mechanical fall left hip fracture | unwitnesses fall left hip pain,left hip pain (24) | left hip fracture (3) | left hip osteoarthritis/pain (2) | dr cc left hip pain (1) | mechanical fall left hip fracture (1) | left hip dislocation (1) | left hip pain overlying prominent screw (1) | left hip fracture transfer from osh (1) | unwitnesses fall left hip pain (1) | fall left hip and left flank pain (1) | left hip osteoarthritis (1) | left hip fracture after mechanical fall (1),,,
nausea and vomiting,26,37,9,18,19,48.64864864864865,abdominal pain nausea and vomiting | abdominal pain with nausea and vomiting | fever nausea and vomiting | hypoglycemia with nausea and vomiting | nausea and vomiting | nausea and vomiting abdominal pain | nausea and vomiting for 3 days | nausea and vomiting x3days | transfer from for altered mental status nausea and vomiting,nausea and vomiting (26) | abdominal pain nausea and vomiting (4) | hypoglycemia with nausea and vomiting (1) | abdominal pain with nausea and vomiting (1) | nausea and vomiting x3days (1) | nausea and vomiting abdominal pain (1) | nausea and vomiting for 3 days (1) | transfer from for altered mental status nausea and vomiting (1) | fever nausea and vomiting (1),,,
lower extremity edema,4,35,26,17,18,48.57142857142857,acute on chronic lower extremity edema | bilateral lower extremity edema with diabetic foot ulcers | cellulitis and worsening lower extremity edema | chest pain dyspnea lower extremity edema | difficulty ambulating with bilateral lower extremity edema | dyspnea and lower extremity edema | dyspnea lower extremity edema | dyspnea lower extremity edema weight gain | dyspnea on exertion lower extremity edema | dyspnea weight gain lower extremity edema orthopnea | hyponatremia thrombocytopenia lower extremity edema | left lower extremity edema | left lower extremity edema and pain | left lower extremity edema pain | lower extremity edema | lower extremity edema and chest pain | lower extremity edema shortness of breath | malignant hypertension and worsening of lower extremity edema | severe lower extremity edema | shortness of breath and lower extremity edema,lower extremity edema (4) | shortness of breath lower extremity edema (3) | left lower extremity edema (2) | dyspnea lower extremity edema (2) | dyspnea on exertion lower extremity edema (2) | shortness of breath and lower extremity edema (2) | left lower extremity edema and pain (1) | dyspnea weight gain lower extremity edema orthopnea (1) | lower extremity edema shortness of breath (1) | malignant hypertension and worsening of lower extremity edema (1) | hyponatremia thrombocytopenia lower extremity edema (1) | dyspnea lower extremity edema weight gain (1) | severe lower extremity edema (1) | acute on chronic lower extremity edema (1) | worsening lower extremity edema (1) | cellulitis and worsening lower extremity edema (1) | weight gain lower extremity edema dyspnea on exertion (1) | lower extremity edema and chest pain (1) | difficulty ambulating with bilateral lower extremity edema (1) | chest pain dyspnea lower extremity edema (1),,,
quadrant pain,0,33,15,15,18,45.45454545454545,chest pain right upper quadrant pain | cough right upper quadrant pain | left lower quadrant pain | left upper quadrant pain | left upper quadrant pain lymphadenopathy | right lower quadrant pain | right lower quadrant pain and decreased appetite since her surgery last month | right lower quadrant pain and nausea | right lower quadrant pain hypertensive urgency | right upper quadrant pain | right upper quadrant pain elevated lft s | right upper quadrant pain hematemesis | right upper quadrant pain post-ercp | urinary retention right lower quadrant pain | year old male admitted with 2 day history of constant colicky severe right flank and right upper quadrant pain 2 hours post prandial,right upper quadrant pain (17) | left lower quadrant pain (2) | right lower quadrant pain (2) | urinary retention right lower quadrant pain (1) | right lower quadrant pain and decreased appetite since her surgery last month (1) | right upper quadrant pain post-ercp (1) | right upper quadrant pain hematemesis (1) | left upper quadrant pain (1) | year old male admitted with 2 day history of constant colicky severe right flank and right upper quadrant pain 2 hours post prandial (1) | right lower quadrant pain hypertensive urgency (1) | right lower quadrant pain and nausea (1) | right upper quadrant pain elevated lft s (1) | chest pain right upper quadrant pain (1) | cough right upper quadrant pain (1) | left upper quadrant pain lymphadenopathy (1),,,
right foot,0,32,19,15,17,46.875,cellulitis right foot | cold right foot | hypotension hypoglycemia chronic right foot wound | ischemic gangrene right foot | ischemic right foot | osteomyelitis right foot | right foot cellulitis | right foot digit ulcer | right foot infection osteomyelitis | right foot pain | right foot pain and swelling | right foot pain drainage from tma site | right foot pin tract infection | right foot pruritis | right foot ulcer | right foot ulceration osteomyelitis | right foot ulceration right calcaneus fracture osteomyelitis | right foot wound infection | third digit ulceration right foot,right foot pain (11) | right foot ulcer (3) | right foot ulceration right calcaneus fracture osteomyelitis (2) | right foot cellulitis (1) | right foot pruritis (1) | third digit ulceration right foot (1) | ischemic right foot (1) | osteomyelitis right foot (1) | right foot pin tract infection (1) | right foot pain drainage from tma site (1) | right foot digit ulcer (1) | cold right foot (1) | ischemic gangrene right foot (1) | right foot ulceration osteomyelitis (1) | cellulitis right foot (1) | right foot wound infection (1) | right foot pain and swelling (1) | hypotension hypoglycemia chronic right foot wound (1) | right foot infection osteomyelitis (1),,,
right lower extremity,0,31,27,10,21,32.25806451612903,juxtarenal abdominal aneurysm complicated by right lower extremity ischemia due to dissection of the right external iliac artery | nausea vomiting diarrhea dyspnea right lower extremity dvt | non-healing right lower extremity wound | nonhealing right lower extremity ulcers | re-admission for worsening of right lower extremity degloving wound | right dvt of superficial femoral vein right lower extremity cellulitis | right lower extremity arterial ulcer | right lower extremity atherosclerosis with nonhealing heel ulcer | right lower extremity cellulitis/phlebitis | right lower extremity dvt | right lower extremity heel ulceration | right lower extremity infected graft site | right lower extremity ischemia with toe gangrene | right lower extremity laceration | right lower extremity pain | right lower extremity pain erythema and swelling | right lower extremity pain swelling erythema with fevers | right lower extremity radiculopathy weakness numbness | right lower extremity stump infection | right lower extremity swelling chest pain and recent falls,right lower extremity pain (5) | re-admission for worsening of right lower extremity degloving wound (1) | right lower extremity weakness/numbness inability to ambulate (1) | non-healing right lower extremity wound (1) | nausea vomiting diarrhea dyspnea right lower extremity dvt (1) | right lower extremity atherosclerosis with nonhealing heel ulcer (1) | right lower extremity infected graft site (1) | shingles right lower extremity cellulitis (1) | right lower extremity transient numbness (1) | right lower extremity laceration (1) | right lower extremity pain swelling erythema with fevers (1) | right lower extremity radiculopathy weakness numbness (1) | right lower extremity ulcer/cellulitis (1) | right lower extremity dvt (1) | right dvt of superficial femoral vein right lower extremity cellulitis (1) | juxtarenal abdominal aneurysm complicated by right lower extremity ischemia due to dissection of the right external iliac artery (1) | right lower extremity heel ulceration (1) | right lower extremity cellulitis/phlebitis (1) | right lower extremity ischemia with toe gangrene (1) | right lower extremity weakness and vertigo (1),,,
renal failure,4,30,23,11,19,36.666666666666664,abdominal pain a/w diarrhea acute renal failure | acute on chronic renal failure | acute renal failure | acute renal failure anemia | acute renal failure hematuria | acute renal failure hyperkalemia | acute renal failure sub-therapeutic inr abdominal pain hemetemesis | acute renal failure urinary tract infection ileus | acute renal failure vomiting | anemia renal failure | anemia thrombocytopenia renal failure | confusion acute renal failure | diarrhea weight loss acute renal failure | hyperkalemia acute on chronic renal failure | hyperkalemia urosepsis acute on chronic renal failure | mental status changes acute renal failure elevated inr | new diagnosis of lymphoplasmocytic lymphoma and renal failure | referral from pcp for worsening renal failure | renal failure | transfer from osh for pancreatitis dka and renal failure,renal failure (4) | acute on chronic renal failure (2) | volume overload acute renal failure (2) | worsening renal failure (2) | acute renal failure (2) | acute renal failure anemia (1) | mental status changes acute renal failure elevated inr (1) | acute renal failure sub-therapeutic inr abdominal pain hemetemesis (1) | acute renal failure urinary tract infection ileus (1) | hyperkalemia urosepsis acute on chronic renal failure (1) | referral from pcp for worsening renal failure (1) | abdominal pain a/w diarrhea acute renal failure (1) | acute renal failure hematuria (1) | transfer from osh for pancreatitis dka and renal failure (1) | anemia thrombocytopenia renal failure (1) | acute renal failure hyperkalemia (1) | anemia renal failure (1) | confusion acute renal failure (1) | acute renal failure vomiting (1) | diarrhea weight loss acute renal failure (1),,,
lower extremity swelling,13,29,13,14,15,48.275862068965516,bilateral lower extremity swelling | dyspnea lower extremity swelling | joint pains lower extremity swelling | left lower extremity swelling | left lower extremity swelling chest pain | lower extremity swelling | lower extremity swelling and erythema | lower extremity swelling cellulitis lymphedema | lower extremity swelling pain | lower extremity swelling shortness of breath | right lower extremity swelling chest pain and recent falls | shortness of breath lower extremity swelling | worsened lower extremity swelling increased dyspnea of exertion swollen left breast and increased left upper extremity swelling,lower extremity swelling (13) | bilateral lower extremity swelling (3) | left lower extremity swelling (3) | joint pains lower extremity swelling (1) | worsened lower extremity swelling increased dyspnea of exertion swollen left breast and increased left upper extremity swelling (1) | lower extremity swelling shortness of breath (1) | lower extremity swelling pain (1) | lower extremity swelling cellulitis lymphedema (1) | dyspnea lower extremity swelling (1) | left lower extremity swelling chest pain (1) | lower extremity swelling and erythema (1) | shortness of breath lower extremity swelling (1) | right lower extremity swelling chest pain and recent falls (1),,,
nausea vomiting diarrhea,8,29,16,15,14,51.724137931034484,- nausea vomiting diarrhea myalgias | abdominal pain nausea vomiting diarrhea | abdominal pain nausea vomiting diarrhea fever | admit with low grade fever nausea vomiting diarrhea | admitted with nausea vomiting diarrhea | chest pain nausea vomiting diarrhea | epigastric abdominal pain nausea vomiting diarrhea | fever nausea vomiting diarrhea | nausea vomiting diarrhea | nausea vomiting diarrhea abdominal pain | nausea vomiting diarrhea acute on chronic kidney injury | nausea vomiting diarrhea and extreme fatigue for the past week | nausea vomiting diarrhea and lightheadedness | nausea vomiting diarrhea anorexia abdominal pain | nausea vomiting diarrhea dyspnea right lower extremity dvt | nausea vomiting diarrhea fever,nausea vomiting diarrhea (8) | nausea vomiting diarrhea abdominal pain (4) | abdominal pain nausea vomiting diarrhea (3) | fever nausea vomiting diarrhea (2) | - nausea vomiting diarrhea myalgias (1) | nausea vomiting diarrhea anorexia abdominal pain (1) | epigastric abdominal pain nausea vomiting diarrhea (1) | nausea vomiting diarrhea fever (1) | nausea vomiting diarrhea dyspnea right lower extremity dvt (1) | admitted with nausea vomiting diarrhea (1) | admit with low grade fever nausea vomiting diarrhea (1) | abdominal pain nausea vomiting diarrhea fever (1) | nausea vomiting diarrhea acute on chronic kidney injury (1) | nausea vomiting diarrhea and lightheadedness (1) | nausea vomiting diarrhea and extreme fatigue for the past week (1) | chest pain nausea vomiting diarrhea (1),,,
gastrointestinal bleed,18,28,8,14,14,50.0,abdominal pain gastrointestinal bleed | gastrointestinal bleed | gastrointestinal bleed and hypotension | gastrointestinal bleed bright red blood per rectum | gastrointestinal bleed hypotension | lower gastrointestinal bleed | pancreatitis and gastrointestinal bleed | shoulder pain gastrointestinal bleed,gastrointestinal bleed (18) | abdominal pain gastrointestinal bleed (2) | lower gastrointestinal bleed (2) | gastrointestinal bleed bright red blood per rectum (2) | gastrointestinal bleed and hypotension (1) | shoulder pain gastrointestinal bleed (1) | pancreatitis and gastrointestinal bleed (1) | gastrointestinal bleed hypotension (1),,,
abdominal pain nausea vomiting,17,28,10,13,15,46.42857142857143,abdominal pain nausea vomiting | abdominal pain nausea vomiting and diarrhea | abdominal pain nausea vomiting and diarrhea x1d | abdominal pain nausea vomiting diarrhea | abdominal pain nausea vomiting diarrhea fever | abdominal pain nausea vomiting malaise x3 days | abdominal pain nausea vomiting poor po intake x1 week | abdominal pain nausea vomiting x 3 days | epigastric abdominal pain nausea vomiting diarrhea | fevers abdominal pain nausea vomiting,abdominal pain nausea vomiting (17) | abdominal pain nausea vomiting diarrhea (3) | abdominal pain nausea vomiting and diarrhea x1d (1) | fevers abdominal pain nausea vomiting (1) | epigastric abdominal pain nausea vomiting diarrhea (1) | abdominal pain nausea vomiting x 3 days (1) | abdominal pain nausea vomiting diarrhea fever (1) | abdominal pain nausea vomiting malaise x3 days (1) | abdominal pain nausea vomiting and diarrhea (1) | abdominal pain nausea vomiting poor po intake x1 week (1),,,
neck pain,13,28,16,12,16,42.857142857142854,chest pain and neck pain | fever diarrhea headache neck pain | head and neck pain | headache and neck pain with known chiari 1 malformation | headache neck pain | left facial numbness pain and neck pain | left side neck pain | neck pain | neck pain - transfer for concern of mediastinal abscess | neck pain and l triceps weakness after c7 superior articular facet fracture sustained in motor vehicle collision also with c2 anterior ring fracture | neck pain c2 and c5 fracture | neck pain chest pain | neck pain fall | neck pain rij dvt | neck pain secondary to cervical stenosis | neck pain with radiation to right elbow,neck pain (13) | left side neck pain (1) | neck pain rij dvt (1) | neck pain - transfer for concern of mediastinal abscess (1) | headache and neck pain with known chiari 1 malformation (1) | neck pain and l triceps weakness after c7 superior articular facet fracture sustained in motor vehicle collision also with c2 anterior ring fracture (1) | neck pain with radiation to right elbow (1) | fever diarrhea headache neck pain (1) | neck pain secondary to cervical stenosis (1) | head and neck pain (1) | left facial numbness pain and neck pain (1) | headache neck pain (1) | chest pain and neck pain (1) | neck pain c2 and c5 fracture (1) | neck pain chest pain (1) | neck pain fall (1),,,
respiratory failure,4,28,14,14,14,50.0,acute on chronic respiratory failure | acute respiratory failure | acute severe necrotizing pancreatitis shock respiratory failure | fevers hypoxemic respiratory failure | hypercarbic respiratory failure | hypoxemic respiratory failure | hypoxic respiratory failure | hypoxic respiratory failure requiring bipap | hypoxic respiratory failure secondary to aspiration | osh transfer for respiratory failure | respiratory failure | stemi hypotension respiratory failure | transfer for management of possible sepsis and hypercarbic respiratory failure | transfer from sicu to micu for hypoxic respiratory failure ards,hypercarbic respiratory failure (7) | hypoxic respiratory failure (4) | respiratory failure (4) | hypoxemic respiratory failure (3) | transfer for management of possible sepsis and hypercarbic respiratory failure (1) | osh transfer for respiratory failure (1) | hypoxic respiratory failure requiring bipap (1) | hypoxic respiratory failure secondary to aspiration (1) | acute respiratory failure (1) | fevers hypoxemic respiratory failure (1) | acute severe necrotizing pancreatitis shock respiratory failure (1) | transfer from sicu to micu for hypoxic respiratory failure ards (1) | stemi hypotension respiratory failure (1) | acute on chronic respiratory failure (1),,,
knee pain,2,28,15,10,18,35.714285714285715,bilateral knee pain redness and swelling at pacer site | fall knee pain urinary frequency | falls/right knee pain | fevers chills knee pain | hospitalist admission note left knee pain fever dysuria rigors pcp | hypotension and left knee pain | knee pain | knee pain difficulty walking | l knee pain | left knee pain | left knee pain stiffness | r knee pain | right knee pain | right knee pain and fever | right knee pain and swelling,right knee pain (6) | left knee pain (6) | r knee pain (2) | knee pain (2) | l knee pain (2) | fall knee pain urinary frequency (1) | falls/right knee pain (1) | right knee pain and swelling (1) | knee pain difficulty walking (1) | fevers chills knee pain (1) | hospitalist admission note left knee pain fever dysuria rigors pcp (1) | left knee pain stiffness (1) | right knee pain and fever (1) | hypotension and left knee pain (1) | bilateral knee pain redness and swelling at pacer site (1),,,
left sided,0,28,18,12,16,42.857142857142854,dysarthria left sided weakness | fever nausea vomiting left sided flank pain dysuria | left sided chest pain and nausea vomiting | left sided eye droop and seeing black dots in your left eye | left sided headache bilateral lower extremity weakness | left sided pain | left sided paresthesia abdominal pain and shortness of breath | left sided rib pain shortness of breath | left sided weakness | left sided weakness and difficulty speaking | left sided weakness and left facial droop | left sided weakness and numbness | left sided weakness and shaking | left sided weakness and slurred speech | left sided weakness apart from normal | left sided weakness aphasia | recurrent left sided intercostal thoracic hernia | vertigo and left sided weakness,left sided weakness (10) | left sided weakness and numbness (2) | left sided rib pain shortness of breath (1) | left sided weakness apart from normal (1) | left sided weakness and shaking (1) | left sided pain (1) | recurrent left sided intercostal thoracic hernia (1) | left sided weakness and difficulty speaking (1) | left sided paresthesia abdominal pain and shortness of breath (1) | left sided eye droop and seeing black dots in your left eye (1) | left sided weakness and left facial droop (1) | left sided weakness aphasia (1) | vertigo and left sided weakness (1) | fever nausea vomiting left sided flank pain dysuria (1) | left sided weakness and slurred speech (1) | left sided headache bilateral lower extremity weakness (1) | dysarthria left sided weakness (1) | left sided chest pain and nausea vomiting (1),,,
right leg,0,28,20,12,16,42.857142857142854,cold right leg | dizziness right leg weakness | ischemic right leg failed femoral-popliteal bypass graft | right leg cellulitis | right leg erythema and edema | right leg erythema and pain | right leg infection gluteal abscesses | right leg pain and swelling | right leg pain and warmth | right leg redness swelling pain | right leg swelling | right leg swelling and erythema | right leg swelling and infection | right leg swelling and pain | right leg swelling pain | right leg weakness | right leg weakness slowed speech | right leg wound | shortness of breath right leg pain | slurred speech right leg weakness,right leg swelling (5) | right leg cellulitis (3) | right leg swelling and pain (3) | right leg infection gluteal abscesses (1) | shortness of breath right leg pain (1) | right leg pain and warmth (1) | cold right leg (1) | right leg swelling and infection (1) | slurred speech right leg weakness (1) | right leg weakness slowed speech (1) | right leg weakness (1) | right leg erythema and pain (1) | right leg pain and swelling (1) | dizziness right leg weakness (1) | right leg wound (1) | right leg swelling and erythema (1) | right leg redness swelling pain (1) | right leg swelling pain (1) | right leg erythema and edema (1) | ischemic right leg failed femoral-popliteal bypass graft (1),,,
right upper quadrant,0,28,10,13,15,46.42857142857143,chest pain right upper quadrant pain | cough right chest pain right upper quadrant abdominal pain | cough right upper quadrant pain | right upper quadrant abdominal pain | right upper quadrant abdominal pain rigors nausea diarrhea | right upper quadrant pain | right upper quadrant pain elevated lft s | right upper quadrant pain hematemesis | right upper quadrant pain post-ercp | year old male admitted with 2 day history of constant colicky severe right flank and right upper quadrant pain 2 hours post prandial,right upper quadrant pain (17) | right upper quadrant abdominal pain (3) | right upper quadrant pain post-ercp (1) | right upper quadrant pain hematemesis (1) | cough right chest pain right upper quadrant abdominal pain (1) | right upper quadrant abdominal pain rigors nausea diarrhea (1) | year old male admitted with 2 day history of constant colicky severe right flank and right upper quadrant pain 2 hours post prandial (1) | right upper quadrant pain elevated lft s (1) | chest pain right upper quadrant pain (1) | cough right upper quadrant pain (1),,,
upper extremity,0,28,24,14,14,50.0,bilateral upper extremity extensive soft tissue wounds dog attack | bilateral upper extremity numbness and tingling | bleeding from left upper extremity av graft following dialysis | bleeding/ulceration from right upper extremity avg | clotted right upper extremity av graft | esrd right upper extremity brachio-brachial fistula | fever right upper extremity swelling pain redness | infected left upper extremity av graft | left upper extremity av graft thrombus | left upper extremity fistula thrombus | left upper extremity swelling | left upper extremity ulcer at arteriovenous fistula site | right upper extremity av graft thrombosis | right upper extremity fistula ulcer | right upper extremity numbness | right upper extremity radiculopathy | right upper extremity swelling | right upper extremity swelling pain | right upper extremity thrombosed fistula | right upper extremity weakness dyspnea,right upper extremity numbness (3) | thrombosed left upper extremity av graft (2) | right upper extremity swelling (2) | bilateral upper extremity numbness and tingling (1) | thrombosed right upper extremity avg (1) | worsened lower extremity swelling increased dyspnea of exertion swollen left breast and increased left upper extremity swelling (1) | right upper extremity fistula ulcer (1) | thrombosed right upper extremity av graft (1) | left upper extremity av graft thrombus (1) | right upper extremity av graft thrombosis (1) | right upper extremity weakness dyspnea (1) | left upper extremity fistula thrombus (1) | right upper extremity swelling pain (1) | left upper extremity ulcer at arteriovenous fistula site (1) | fever right upper extremity swelling pain redness (1) | clotted right upper extremity av graft (1) | infected left upper extremity av graft (1) | right upper extremity radiculopathy (1) | bilateral upper extremity extensive soft tissue wounds dog attack (1) | right upper extremity thrombosed fistula (1),,,
left hip pain,24,27,4,14,13,51.85185185185185,dr cc left hip pain | left hip pain | left hip pain overlying prominent screw | unwitnesses fall left hip pain,left hip pain (24) | dr cc left hip pain (1) | left hip pain overlying prominent screw (1) | unwitnesses fall left hip pain (1),,,
left leg pain,14,27,14,14,13,51.85185185185185,abdominal pain and left leg pain | abdominal pain left leg pain | chest pain left leg pain | fall from standing left leg pain | fall left leg pain | fever left leg pain x 10 days | left leg pain | left leg pain after fall | left leg pain and back pain | left leg pain fall | left leg pain rash | left rib pain left leg pain | low back pain and left leg pain | persistent left leg pain,left leg pain (14) | chest pain left leg pain (1) | abdominal pain left leg pain (1) | abdominal pain and left leg pain (1) | fever left leg pain x 10 days (1) | left leg pain fall (1) | persistent left leg pain (1) | fall from standing left leg pain (1) | left leg pain and back pain (1) | left leg pain rash (1) | low back pain and left leg pain (1) | fall left leg pain (1) | left rib pain left leg pain (1) | left leg pain after fall (1),,,
fever cough,10,25,12,10,15,40.0,fatigue fever cough | fever cough | fever cough and diarrhea i have abdominal pain and i have the shakes | fever cough body aches | fever cough chest pain | fever cough dyspnea | fever cough hemoptysis | fever cough lethargy | fever cough malaise | fever cough shortness of breath | fever cough weakness confusion | vomitting fever cough,fever cough (10) | fever cough shortness of breath (3) | fever cough dyspnea (2) | fever cough chest pain (2) | fever cough weakness confusion (1) | vomitting fever cough (1) | fever cough and diarrhea i have abdominal pain and i have the shakes (1) | fatigue fever cough (1) | fever cough lethargy (1) | fever cough hemoptysis (1) | fever cough malaise (1) | fever cough body aches (1),,,
arm pain,2,25,14,12,13,48.0,arm pain | arm pain abdominal pain | arm pain and swelling | arm pain and weakness | chest pain arm pain | chest pain bilateral arm pain | chest pain left arm pain | difficulty ambulating hearing loss arm pain | headache chest pain abdominal pain back pain arm pain leg pain | l arm pain | left arm pain | left arm pain and swelling | right arm pain | right arm pain right hip pain weakness and fever,right arm pain (6) | left arm pain (4) | arm pain (2) | l arm pain (2) | chest pain left arm pain (2) | difficulty ambulating hearing loss arm pain (1) | headache chest pain abdominal pain back pain arm pain leg pain (1) | arm pain abdominal pain (1) | right arm pain right hip pain weakness and fever (1) | arm pain and weakness (1) | chest pain bilateral arm pain (1) | chest pain arm pain (1) | left arm pain and swelling (1) | arm pain and swelling (1),,,
lower extremity pain,1,25,17,13,12,52.0,acute bilateral upper and lower extremity pain | altered mental status bilateral lower extremity pain | back and lower extremity pain | back and lower extremity pain and difficulty walking | bilateral lower extremity pain | fall left lower extremity pain | left lower extremity pain | left lower extremity pain -- left multipart intertrochanteric hip fracture | left lower extremity pain and redness | lower extremity pain | lower extremity pain and difficulty walking | lower extremity pain and weakness | lower extremity pain cramping | right lower extremity pain | right lower extremity pain erythema and swelling | right lower extremity pain swelling erythema with fevers | shortness of breath and bilateral lower extremity pain,right lower extremity pain (5) | left lower extremity pain (3) | bilateral lower extremity pain (3) | left lower extremity pain -- left multipart intertrochanteric hip fracture (1) | back and lower extremity pain (1) | lower extremity pain cramping (1) | acute bilateral upper and lower extremity pain (1) | fall left lower extremity pain (1) | altered mental status bilateral lower extremity pain (1) | lower extremity pain and difficulty walking (1) | left lower extremity pain and redness (1) | shortness of breath and bilateral lower extremity pain (1) | right lower extremity pain swelling erythema with fevers (1) | lower extremity pain (1) | lower extremity pain and weakness (1) | back and lower extremity pain and difficulty walking (1) | right lower extremity pain erythema and swelling (1),,,
hip fracture,4,24,14,12,12,50.0,fall hip fracture | fall right hip fracture | hip fracture | hip fracture fall | l intertrochanteric hip fracture | left hip fracture | left hip fracture after mechanical fall | left hip fracture transfer from osh | left intertrochanteric hip fracture | left lower extremity pain -- left multipart intertrochanteric hip fracture | mechanical fall left hip fracture | r hip fracture | r hip fracture fall | right hip fracture,right hip fracture (5) | hip fracture (4) | left hip fracture (3) | left intertrochanteric hip fracture (2) | left lower extremity pain -- left multipart intertrochanteric hip fracture (1) | l intertrochanteric hip fracture (1) | mechanical fall left hip fracture (1) | fall right hip fracture (1) | r hip fracture fall (1) | fall hip fracture (1) | left hip fracture transfer from osh (1) | hip fracture fall (1) | r hip fracture (1) | left hip fracture after mechanical fall (1),,,
admission for chemotherapy,0,24,5,10,14,41.66666666666667,elective admission for chemotherapy | elective admission for chemotherapy with epoch | planned admission for chemotherapy | planned admission for chemotherapy methotrexate | scheduled admission for chemotherapy,elective admission for chemotherapy (12) | scheduled admission for chemotherapy (5) | planned admission for chemotherapy (5) | elective admission for chemotherapy with epoch (1) | planned admission for chemotherapy methotrexate (1),,,
right hip,0,24,9,13,11,54.166666666666664,- left wrist erythema/edema right hip pain | fall right hip fracture | right arm pain right hip pain weakness and fever | right hip dislocation | right hip fracture | right hip pain | right hip pain right greater trochanter fracture status post right total hip replacement | right hip pain secondary to right hip osteoarthritis | right hip wound drainage,right hip pain (12) | right hip fracture (5) | fall right hip fracture (1) | right hip wound drainage (1) | right arm pain right hip pain weakness and fever (1) | right hip pain secondary to right hip osteoarthritis (1) | right hip pain right greater trochanter fracture status post right total hip replacement (1) | - left wrist erythema/edema right hip pain (1) | right hip dislocation (1),,,
nausea vomiting abdominal pain,22,23,2,10,13,43.47826086956522,nausea vomiting abdominal pain | nausea vomiting abdominal pain hematemesis,nausea vomiting abdominal pain (22) | nausea vomiting abdominal pain hematemesis (1),,,
scheduled chemotherapy,22,23,2,14,9,60.86956521739131,scheduled chemotherapy | scheduled chemotherapy mtx,scheduled chemotherapy (22) | scheduled chemotherapy mtx (1),,,
right upper quadrant pain,17,23,7,10,13,43.47826086956522,chest pain right upper quadrant pain | cough right upper quadrant pain | right upper quadrant pain | right upper quadrant pain elevated lft s | right upper quadrant pain hematemesis | right upper quadrant pain post-ercp | year old male admitted with 2 day history of constant colicky severe right flank and right upper quadrant pain 2 hours post prandial,right upper quadrant pain (17) | right upper quadrant pain post-ercp (1) | right upper quadrant pain hematemesis (1) | year old male admitted with 2 day history of constant colicky severe right flank and right upper quadrant pain 2 hours post prandial (1) | right upper quadrant pain elevated lft s (1) | chest pain right upper quadrant pain (1) | cough right upper quadrant pain (1),,,
epigastric pain,13,23,11,10,13,43.47826086956522,coffee ground emesis epigastric pain | epigastric pain | epigastric pain diarrhea | epigastric pain emesis | epigastric pain nausea | epigastric pain nausea vomiting | epigastric pain vomiting | hyperglycemia epigastric pain | nausea epigastric pain | persistent epigastric pain | recurrent epigastric pain,epigastric pain (13) | nausea epigastric pain (1) | recurrent epigastric pain (1) | epigastric pain nausea (1) | epigastric pain emesis (1) | coffee ground emesis epigastric pain (1) | hyperglycemia epigastric pain (1) | epigastric pain nausea vomiting (1) | epigastric pain vomiting (1) | persistent epigastric pain (1) | epigastric pain diarrhea (1),,,
left foot,0,23,10,10,13,43.47826086956522,ischemic left foot | ischemic pain and cold left foot | left foot cellulitis | left foot infection | left foot pain | left foot ulcer | left foot ulcers | left foot wound and pain | left foot wound with redness and drainage | right hand and foot swelling and pain and left foot ulcer,left foot pain (8) | left foot infection (6) | left foot ulcer (2) | left foot ulcers (1) | right hand and foot swelling and pain and left foot ulcer (1) | left foot cellulitis (1) | ischemic left foot (1) | ischemic pain and cold left foot (1) | left foot wound with redness and drainage (1) | left foot wound and pain (1),,,
incisional hernia,13,22,10,8,14,36.36363636363637,gallstone pancreatitis choledocholithiasis incisional hernia | incarcerated incisional hernia | incarcerated incisional hernia with small bowel obstruction | incisional hernia | incisional hernia right colonic polyp | incisional hernia with small bowel obstruction | recurrent epigastric/ incisional hernia | recurrent incisional hernia | recurrent supraumbilical incisional hernia | reducible large abdominal incisional hernia with small bowel obstruction,incisional hernia (13) | incisional hernia with small bowel obstruction (1) | incarcerated incisional hernia (1) | incisional hernia right colonic polyp (1) | reducible large abdominal incisional hernia with small bowel obstruction (1) | recurrent epigastric/ incisional hernia (1) | incarcerated incisional hernia with small bowel obstruction (1) | recurrent supraumbilical incisional hernia (1) | gallstone pancreatitis choledocholithiasis incisional hernia (1) | recurrent incisional hernia (1),,,
weight gain,2,21,14,14,7,66.66666666666666,dyspnea lower extremity edema weight gain | dyspnea weight gain | dyspnea weight gain lower extremity edema orthopnea | fatigue dyspnea weight gain abdominal pain back pain | pedal edema dyspnea weight gain | shortness of breath weight gain | weight gain | weight gain abdominal distention | weight gain and difficulty breathing | weight gain dyspnea | weight gain lower extremity edema dyspnea | weight gain lower extremity edema dyspnea on exertion | weight gain swelling | weight gain syncope,shortness of breath weight gain (5) | weight gain dyspnea (2) | weight gain (2) | dyspnea weight gain (2) | dyspnea weight gain lower extremity edema orthopnea (1) | weight gain syncope (1) | weight gain and difficulty breathing (1) | dyspnea lower extremity edema weight gain (1) | pedal edema dyspnea weight gain (1) | weight gain lower extremity edema dyspnea on exertion (1) | fatigue dyspnea weight gain abdominal pain back pain (1) | weight gain abdominal distention (1) | weight gain swelling (1) | weight gain lower extremity edema dyspnea (1),,,
elective admission,0,21,9,10,11,47.61904761904761,cns lymphoma elective admission for high dose methotrexate | elective admission for anemia | elective admission for chemo | elective admission for chemotherapy | elective admission for chemotherapy with epoch | elective admission for high dose methotrexate infusion | elective admission for high dose methotrexate treatment | elective admission for iv steroids and cyclophosphamide for possible rapidly progressive or crescentic iga glomerulonephritis | elective admission for urological procedure hypotension,elective admission for chemotherapy (12) | elective admission for chemo (2) | elective admission for urological procedure hypotension (1) | cns lymphoma elective admission for high dose methotrexate (1) | elective admission for high dose methotrexate infusion (1) | elective admission for anemia (1) | elective admission for chemotherapy with epoch (1) | elective admission for iv steroids and cyclophosphamide for possible rapidly progressive or crescentic iga glomerulonephritis (1) | elective admission for high dose methotrexate treatment (1),,,
pain shortness of breath,0,21,8,8,13,38.095238095238095,abdominal pain shortness of breath | bilateral pain shortness of breath known dvt | chest pain shortness of breath | chest pain shortness of breath hemoptysis | chest pain shortness of breath hypoxia | l-sided chest pain shortness of breath | left sided rib pain shortness of breath | leg swelling pain shortness of breath,chest pain shortness of breath (12) | abdominal pain shortness of breath (3) | left sided rib pain shortness of breath (1) | l-sided chest pain shortness of breath (1) | leg swelling pain shortness of breath (1) | bilateral pain shortness of breath known dvt (1) | chest pain shortness of breath hemoptysis (1) | chest pain shortness of breath hypoxia (1),,,
right arm,0,21,12,10,11,47.61904761904761,pain and swelling in right arm and leg | right arm and back pain - anginal equivalent | right arm and leg weakness | right arm numbness | right arm pain | right arm pain right hip pain weakness and fever | right arm redness around incision | right arm swelling | right arm swelling pain and fever | right arm weakness | right arm weakness vision changes | right arm weakness/numbness visual disturbances,right arm pain (6) | right arm swelling (3) | right arm weakness (2) | right arm and leg weakness (2) | pain and swelling in right arm and leg (1) | right arm pain right hip pain weakness and fever (1) | right arm and back pain - anginal equivalent (1) | right arm weakness vision changes (1) | right arm swelling pain and fever (1) | right arm weakness/numbness visual disturbances (1) | right arm redness around incision (1) | right arm numbness (1),,,
shortness of breath chest,0,21,7,9,12,42.857142857142854,cough shortness of breath chest pressure | edema shortness of breath chest pain productive cough | shortness of breath chest discomfort | shortness of breath chest pain | shortness of breath chest pain and falls | shortness of breath chest pressure | shortness of breath chest tightness,shortness of breath chest pain (14) | shortness of breath chest discomfort (2) | shortness of breath chest tightness (1) | cough shortness of breath chest pressure (1) | edema shortness of breath chest pain productive cough (1) | shortness of breath chest pain and falls (1) | shortness of breath chest pressure (1),,,
left sided weakness,10,20,10,7,13,35.0,dysarthria left sided weakness | left sided weakness | left sided weakness and difficulty speaking | left sided weakness and left facial droop | left sided weakness and numbness | left sided weakness and shaking | left sided weakness and slurred speech | left sided weakness apart from normal | left sided weakness aphasia | vertigo and left sided weakness,left sided weakness (10) | left sided weakness and numbness (2) | left sided weakness apart from normal (1) | left sided weakness and shaking (1) | left sided weakness and difficulty speaking (1) | left sided weakness and left facial droop (1) | left sided weakness aphasia (1) | vertigo and left sided weakness (1) | left sided weakness and slurred speech (1) | dysarthria left sided weakness (1),,,
pain and swelling,2,20,17,8,12,40.0,abdominal pain and swelling over right lower quadrant renal allograft | arm pain and swelling | bilateral hand pain and swelling | l elbow pain and swelling | l leg pain and swelling | left arm pain and swelling | leg pain and swelling | pain and swelling | pain and swelling in left leg | pain and swelling in right arm and leg | pain and swelling left lower extremity | r index finger pain and swelling | right foot pain and swelling | right knee pain and swelling | right leg pain and swelling | scrotal pain and swelling five days after right orchiectomy and left orchiopexy | shortness of breath / leg pain and swelling,leg pain and swelling (3) | pain and swelling (2) | scrotal pain and swelling five days after right orchiectomy and left orchiopexy (1) | bilateral hand pain and swelling (1) | pain and swelling in right arm and leg (1) | l leg pain and swelling (1) | shortness of breath / leg pain and swelling (1) | r index finger pain and swelling (1) | right knee pain and swelling (1) | pain and swelling in left leg (1) | abdominal pain and swelling over right lower quadrant renal allograft (1) | right leg pain and swelling (1) | l elbow pain and swelling (1) | left arm pain and swelling (1) | arm pain and swelling (1) | right foot pain and swelling (1) | pain and swelling left lower extremity (1),,,
acute on chronic,0,20,18,13,7,65.0,acute on chronic abdominal pain | acute on chronic chest pain | acute on chronic low back pain | acute on chronic lower extremity edema | acute on chronic pain | acute on chronic pancreatitis | acute on chronic renal failure | acute on chronic respiratory distress | acute on chronic respiratory failure | chest pain acute on chronic r sided weakness | dehydration/supratherepeutic digoxin levels/decompensated acute on chronic systolic and diastolic heart failure | headache light-headedness dizziness worsening acute on chronic abdominal pain and symptomatic hyponatremia | hyperglycemia acute on chronic abdominal pain acute on chronic nausea/vomiting | hyperkalemia acute on chronic kidney injury | hyperkalemia acute on chronic renal failure | hyperkalemia urosepsis acute on chronic renal failure | nausea vomiting diarrhea acute on chronic kidney injury | urinary retention acute on chronic pain,acute on chronic renal failure (2) | acute on chronic abdominal pain (2) | chest pain acute on chronic r sided weakness (1) | headache light-headedness dizziness worsening acute on chronic abdominal pain and symptomatic hyponatremia (1) | hyperglycemia acute on chronic abdominal pain acute on chronic nausea/vomiting (1) | dehydration/supratherepeutic digoxin levels/decompensated acute on chronic systolic and diastolic heart failure (1) | urinary retention acute on chronic pain (1) | acute on chronic chest pain (1) | acute on chronic pancreatitis (1) | acute on chronic lower extremity edema (1) | hyperkalemia acute on chronic kidney injury (1) | acute on chronic respiratory distress (1) | hyperkalemia urosepsis acute on chronic renal failure (1) | acute on chronic pain (1) | nausea vomiting diarrhea acute on chronic kidney injury (1) | acute on chronic low back pain (1) | acute on chronic respiratory failure (1) | hyperkalemia acute on chronic renal failure (1),,,
